NODE,IN_DEGREE,OUT_DEGREE,CLOSENESS,BETWEENNESS,PAGERANK,CC 
227870721,0,1,0.000881834215168,0.0,0.000287135358315,0.0
3085099011,0,1,0.000881834215168,0.0,0.000287135358315,0.0
4540956677,0,1,0.00396825396825,0.0,0.000287135358315,0.0
86212915,0,1,0.0113710201429,0.0,0.000287135358315,0.0
3349946379,0,1,0.0113411749457,0.0,0.000287135358315,0.0
1583276047,0,1,0.000881834215168,0.0,0.000287135358315,0.0
1586679824,0,1,0.00117577895356,0.0,0.000287135358315,0.0
3382018065,0,1,0.000881834215168,0.0,0.000287135358315,0.0
249018371,0,2,0.0153771802645,0.0,0.000287135358315,0.0
307910676,2,0,0.0,0.0,0.000653273251043,0.0
2416547862,0,3,0.0116026105874,0.0,0.000287135358315,0.0
64800791,2,0,0.0,0.0,0.000775319215286,0.0
4101824536,0,18,0.0245048161715,0.0,0.000287135358315,0.0
241344537,0,1,0.000881834215168,0.0,0.000287135358315,0.0
2489579546,0,4,0.0126282557222,0.0,0.000287135358315,0.166666666667
102622148,0,1,0.000881834215168,0.0,0.000287135358315,0.0
365524314,0,1,0.000881834215168,0.0,0.000287135358315,0.0
54360094,6,0,0.0,0.0,0.00259223685692,0.0
424839201,0,2,0.00200416867084,0.0,0.000287135358315,1.0
209125412,4,0,0.0,0.0,0.00114145710801,0.0
4291191132,0,1,0.000881834215168,0.0,0.000287135358315,0.0
1539437234,0,1,0.000881834215168,0.0,0.000287135358315,0.0
3240343598,4,1,0.00396825396825,1.98471072257e-05,0.00061780690246,0.0
390047793,1,0,0.0,0.0,0.0005312272868,0.0
620476466,0,1,0.0108567529003,0.0,0.000287135358315,0.0
2739775539,5,1,0.00117577895356,4.66990758253e-06,0.00397911042514,0.1
16242525,1,0,0.0,0.0,0.000368499334477,0.0
3553941854,0,1,0.000881834215168,0.0,0.000287135358315,0.0
3336640780,0,1,0.00396825396825,0.0,0.000287135358315,0.0
706736184,5,2,0.00235155790711,1.2842245852e-05,0.00374473634315,0.1
39387197,2,0,0.0,0.0,0.000775319215286,0.0
2687545410,0,2,0.00176366843034,0.0,0.000287135358315,1.0
2234729483,0,1,0.000881834215168,0.0,0.000287135358315,0.0
2923468869,0,1,0.000881834215168,0.0,0.000287135358315,0.0
241334342,0,1,0.0115226337449,0.0,0.000287135358315,0.0
3063743841,0,2,0.00198412698413,0.0,0.000287135358315,1.0
2320549960,2,0,0.0,0.0,0.000775319215286,0.0
582674507,0,3,0.0143271174775,0.0,0.000287135358315,0.0
1096425548,1,0,0.0,0.0,0.0005312272868,0.0
446603618,0,6,0.0168788580247,0.0,0.000287135358315,0.333333333333
4514443343,0,1,0.0133363816491,0.0,0.000287135358315,0.0
612751441,0,4,0.017787659811,0.0,0.000287135358315,0.166666666667
1963704404,0,2,0.0132545633568,0.0,0.000287135358315,0.0
2592801806,9,1,0.000881834215168,7.78317930421e-07,0.00882228941815,0.194444444444
3241363542,0,1,0.00117577895356,0.0,0.000287135358315,0.0
1439469656,0,1,0.000881834215168,0.0,0.000287135358315,0.0
3133284445,0,5,0.0165870383532,0.0,0.000287135358315,0.1
2459523167,9,1,0.000881834215168,7.78317930421e-07,0.00874783705982,0.194444444444
1696063584,0,7,0.0220458553792,0.0,0.000287135358315,0.333333333333
2542860385,0,1,0.00117577895356,0.0,0.000287135358315,0.0
552018020,0,1,0.000881834215168,0.0,0.000287135358315,0.0
3423088743,11,2,0.00176366843034,5.83738447816e-06,0.00738909235093,0.181818181818
239130730,0,7,0.0197570056829,0.0,0.000287135358315,0.238095238095
543535212,0,5,0.0162443144899,0.0,0.000287135358315,0.3
488480104,0,1,0.000881834215168,0.0,0.000287135358315,0.0
1493821554,0,1,0.013805072378,0.0,0.000287135358315,0.0
1120252022,0,1,0.000881834215168,0.0,0.000287135358315,0.0
2305353847,0,2,0.0101431635078,0.0,0.000287135358315,1.0
123586681,0,1,0.000881834215168,0.0,0.000287135358315,0.0
1518078074,0,1,0.00117577895356,0.0,0.000287135358315,0.0
3290185851,0,4,0.0139790134549,0.0,0.000287135358315,0.5
256800892,0,1,0.0119035472571,0.0,0.000287135358315,0.0
3459430355,0,3,0.0192043895748,0.0,0.000287135358315,0.0
3062775935,0,1,0.000881834215168,0.0,0.000287135358315,0.0
17296523,0,1,0.000881834215168,0.0,0.000287135358315,0.0
44548225,0,2,0.0115844173038,0.0,0.000287135358315,0.0
2460334102,0,1,0.000881834215168,0.0,0.000287135358315,0.0
2868782444,73,5,0.0177898843153,0.00443846980422,0.0153509517246,0.034954954955
4089800842,1,0,0.0,0.0,0.00114100971885,0.0
395880589,0,12,0.0208857534783,0.0,0.000287135358315,0.121212121212
3006914584,1,0,0.0,0.0,0.000560870958408,0.0
378814612,0,1,0.000881834215168,0.0,0.000287135358315,0.0
4332826774,0,1,0.00117577895356,0.0,0.000287135358315,0.0
485853337,0,1,0.000881834215168,0.0,0.000287135358315,0.0
3413434522,0,2,0.0145748402579,0.0,0.000287135358315,0.0
3086366876,0,3,0.0170117624186,0.0,0.000287135358315,0.333333333333
480758469,0,1,0.000881834215168,0.0,0.000287135358315,0.0
3473948832,0,1,0.0113411749457,0.0,0.000287135358315,0.0
34648229,0,2,0.0150034293553,0.0,0.000287135358315,0.0
3098481009,1,0,0.0,0.0,0.000348158340436,0.0
3041589416,0,1,0.0110856016924,0.0,0.000287135358315,0.0
4404046876,0,2,0.00176366843034,0.0,0.000287135358315,0.0
468717255,0,2,0.0131737428485,0.0,0.000287135358315,0.0
3350808748,0,1,0.00117577895356,0.0,0.000287135358315,0.0
1583138989,0,4,0.0167748161459,0.0,0.000287135358315,0.333333333333
1958375599,0,3,0.0166491620924,0.0,0.000287135358315,0.333333333333
2317521072,0,1,0.0114615057144,0.0,0.000287135358315,0.0
3071633386,21,1,0.0130939019828,0.000592235085223,0.00313719920901,0.012987012987
17238838,0,1,0.000881834215168,0.0,0.000287135358315,0.0
878496798,0,1,0.000881834215168,0.0,0.000287135358315,0.0
587260088,0,1,0.000881834215168,0.0,0.000287135358315,0.0
3059246111,0,1,0.0141208746873,0.0,0.000287135358315,0.0
2196416202,1,0,0.0,0.0,0.000409181322558,0.0
3340474558,0,2,0.0101431635078,0.0,0.000287135358315,1.0
2429806784,0,3,0.017026429466,0.0,0.000287135358315,0.0
2157514945,0,1,0.000881834215168,0.0,0.000287135358315,0.0
2454705867,1,0,0.0,0.0,0.00114100971885,0.0
4061236875,0,2,0.0198210442859,0.0,0.000287135358315,0.0
2904434885,0,2,0.0161230882624,0.0,0.000287135358315,0.0
525983077,0,1,0.000881834215168,0.0,0.000287135358315,0.0
320645322,0,1,0.000881834215168,0.0,0.000287135358315,0.0
2353516747,5,1,0.000881834215168,1.55663586084e-06,0.00950495977445,0.2
14895637,0,1,0.000881834215168,0.0,0.000287135358315,0.0
2981767373,1,1,0.000881834215168,0.0,0.00753982310445,0.0
73609422,0,1,0.000881834215168,0.0,0.000287135358315,0.0
387307896,0,1,0.0115226337449,0.0,0.000287135358315,0.0
476027090,34,1,0.000881834215168,2.56844917039e-05,0.00755758779963,0.00168067226891
4187950115,0,3,0.0157126823793,0.0,0.000287135358315,0.0
107886805,0,1,0.00355673133451,0.0,0.000287135358315,0.0
4540104920,3,1,0.00396825396825,1.74343216414e-05,0.000594099450198,0.0
2991861977,0,1,0.00117577895356,0.0,0.000287135358315,0.0
339098319,0,2,0.00244953948658,0.0,0.000287135358315,1.0
42070238,0,1,0.000881834215168,0.0,0.000287135358315,0.0
2169069795,0,1,0.000881834215168,0.0,0.000287135358315,0.0
29245668,0,1,0.000881834215168,0.0,0.000287135358315,0.0
2525645029,0,1,0.000881834215168,0.0,0.000287135358315,0.0
86522088,0,2,0.00198412698413,0.0,0.000287135358315,0.0
3110643945,0,1,0.000881834215168,0.0,0.000287135358315,0.0
1661161706,0,1,0.000881834215168,0.0,0.000287135358315,0.0
169511149,0,1,0.000881834215168,0.0,0.000287135358315,0.0
3677283917,0,1,0.000881834215168,0.0,0.000287135358315,0.0
283986162,4,1,0.000881834215168,1.24530868867e-05,0.00190286301801,0.3
2881435894,0,1,0.000881834215168,0.0,0.000287135358315,0.0
1586735352,34,3,0.0169976222608,0.00189024207491,0.0100604554944,0.0623885918004
85671295,1,1,0.0141208746873,0.0,0.000335953744012,1.0
2862207231,3,1,0.00117577895356,3.11327172169e-06,0.00373501849666,0.0
21018880,0,1,0.000881834215168,0.0,0.000287135358315,0.0
444676355,0,1,0.000881834215168,0.0,0.000287135358315,0.0
3630289161,0,1,0.000881834215168,0.0,0.000287135358315,0.0
129452299,0,1,0.00117577895356,0.0,0.000287135358315,0.0
248002828,0,1,0.000881834215168,0.0,0.000287135358315,0.0
1973589037,0,1,0.000881834215168,0.0,0.000287135358315,0.0
68546832,0,1,0.000881834215168,0.0,0.000287135358315,0.0
18705112,0,1,0.000881834215168,0.0,0.000287135358315,0.0
2345978130,0,1,0.000881834215168,0.0,0.000287135358315,0.0
488867199,0,2,0.0117601224303,0.0,0.000287135358315,0.0
2869353627,1,0,0.0,0.0,0.0005312272868,0.0
371902741,0,1,0.000881834215168,0.0,0.000287135358315,0.0
4258973974,0,2,0.00176366843034,0.0,0.000287135358315,0.0
16736535,0,2,0.00176366843034,0.0,0.000287135358315,0.0
1682069784,0,1,0.000881834215168,0.0,0.000287135358315,0.0
466739588,0,1,0.000881834215168,0.0,0.000287135358315,0.0
4493654301,3,0,0.0,0.0,0.000836342197407,0.0
782500128,0,2,0.0144999585715,0.0,0.000287135358315,0.0
23918885,3,0,0.0,0.0,0.0011231639944,0.0
268355879,44,4,0.0137652875358,0.0012450362774,0.0118555460757,0.00505050505051
1462970665,0,2,0.00176366843034,0.0,0.000287135358315,0.0
316592428,0,1,0.00117577895356,0.0,0.000287135358315,0.0
1128321074,0,2,0.00198412698413,0.0,0.000287135358315,0.0
4030171438,3,0,0.0,0.0,0.0005312272868,0.0
1563345200,7,0,0.0,0.0,0.00181270991135,0.0
60018995,19,6,0.017277418512,0.00256681840901,0.014129624524,0.0368421052632
1491132726,0,1,0.0130939019828,0.0,0.000287135358315,0.0
1149013044,0,1,0.00117577895356,0.0,0.000287135358315,0.0
2416513338,0,1,0.000881834215168,0.0,0.000287135358315,0.0
2536567116,0,1,0.00396825396825,0.0,0.000287135358315,0.0
51384637,0,1,0.000881834215168,0.0,0.000287135358315,0.0
1226012990,0,1,0.000881834215168,0.0,0.000287135358315,0.0
1565817151,0,2,0.00198412698413,0.0,0.000287135358315,0.0
3002974528,0,2,0.0134192163178,0.0,0.000287135358315,1.0
744658656,0,4,0.0166833500167,0.0,0.000287135358315,0.166666666667
2726003010,0,2,0.00176366843034,0.0,0.000287135358315,1.0
1681930567,0,1,0.000881834215168,0.0,0.000287135358315,0.0
2385670540,0,1,0.00117577895356,0.0,0.000287135358315,0.0
2775658827,0,1,0.00117577895356,0.0,0.000287135358315,0.0
3950803276,0,2,0.00176366843034,0.0,0.000287135358315,1.0
2275009250,0,2,0.00176366843034,0.0,0.000287135358315,1.0
164555089,0,1,0.0114615057144,0.0,0.000287135358315,0.0
25332451,0,3,0.0026455026455,0.0,0.000287135358315,0.0
730337678,0,1,0.000881834215168,0.0,0.000287135358315,0.0
3989147991,0,1,0.0119035472571,0.0,0.000287135358315,0.0
226523480,0,1,0.000881834215168,0.0,0.000287135358315,0.0
226632025,113,0,0.0,0.0,0.0318003452754,0.00126422250316
448788827,0,11,0.0243706910374,0.0,0.000287135358315,0.0363636363636
3138466140,0,1,0.000881834215168,0.0,0.000287135358315,0.0
1248711006,0,1,0.0119035472571,0.0,0.000287135358315,0.0
2172987746,0,2,0.00198412698413,0.0,0.000287135358315,0.0
2232544657,0,2,0.00176366843034,0.0,0.000287135358315,1.0
3081288047,0,1,0.000881834215168,0.0,0.000287135358315,0.0
1718735216,9,1,0.000881834215168,0.000279416137021,0.0106782714546,0.0555555555556
3076757873,0,1,0.000881834215168,0.0,0.000287135358315,0.0
3098862995,0,1,0.0133363816491,0.0,0.000287135358315,0.0
3295709560,0,5,0.015763568364,0.0,0.000287135358315,0.2
2966848916,0,1,0.00117577895356,0.0,0.000287135358315,0.0
92162427,0,1,0.000881834215168,0.0,0.000287135358315,0.0
21066109,5,0,0.0,0.0,0.00110077511993,0.0
309885310,0,1,0.000881834215168,0.0,0.000287135358315,0.0
3094905215,3,0,0.0,0.0,0.000350822042037,0.0
3065805184,0,1,0.0128600823045,0.0,0.000287135358315,0.0
1893556610,0,2,0.0161230882624,0.0,0.000287135358315,0.0
3038732676,9,0,0.0,0.0,0.00086025962996,0.0
17250693,0,1,0.0141208746873,0.0,0.000287135358315,0.0
3290601862,0,1,0.000881834215168,0.0,0.000287135358315,0.0
73959815,0,1,0.000881834215168,0.0,0.000287135358315,0.0
1953192330,0,3,0.0185450113919,0.0,0.000287135358315,0.333333333333
14782859,0,1,0.0110856016924,0.0,0.000287135358315,0.0
231379340,0,1,0.000881834215168,0.0,0.000287135358315,0.0
2426757518,0,1,0.000881834215168,0.0,0.000287135358315,0.0
2738305423,0,1,0.000881834215168,0.0,0.000287135358315,0.0
2867177872,0,1,0.000881834215168,0.0,0.000287135358315,0.0
96094609,0,1,0.00117577895356,0.0,0.000287135358315,0.0
156285331,0,4,0.0123825244531,0.0,0.000287135358315,0.333333333333
147526036,0,1,0.000881834215168,0.0,0.000287135358315,0.0
2350365078,0,1,0.000881834215168,0.0,0.000287135358315,0.0
582673817,0,6,0.0171497455448,0.0,0.000287135358315,0.0
2808725912,0,2,0.016283246442,0.0,0.000287135358315,0.0
19491908,1,0,0.0,0.0,0.0005312272868,0.0
2803292570,0,1,0.000881834215168,0.0,0.000287135358315,0.0
3028401903,2,0,0.0,0.0,0.000345341895108,0.0
3047309726,0,1,0.000881834215168,0.0,0.000287135358315,0.0
203579807,0,1,0.000881834215168,0.0,0.000287135358315,0.0
624634200,0,1,0.013805072378,0.0,0.000287135358315,0.0
1742821958,0,1,0.0100022862369,0.0,0.000287135358315,0.0
79274403,0,2,0.010513351957,0.0,0.000287135358315,1.0
37841317,0,4,0.0181554103123,0.0,0.000287135358315,0.333333333333
1200241064,3,0,0.0,0.0,0.000897365179528,0.0
537977257,0,1,0.000881834215168,0.0,0.000287135358315,0.0
371022252,0,1,0.0130939019828,0.0,0.000287135358315,0.0
20183469,39,1,0.000881834215168,0.000253637752996,0.00578692871861,0.0179487179487
3044594095,0,1,0.00396825396825,0.0,0.000287135358315,0.0
3292336560,0,6,0.0172299468165,0.0,0.000287135358315,0.133333333333
2182213363,0,2,0.00176366843034,0.0,0.000287135358315,1.0
2219708853,0,1,0.000881834215168,0.0,0.000287135358315,0.0
2212538806,0,1,0.000881834215168,0.0,0.000287135358315,0.0
3353184695,0,1,0.000881834215168,0.0,0.000287135358315,0.0
2413238712,0,1,0.000881834215168,0.0,0.000287135358315,0.0
92878580,0,2,0.0122124348315,0.0,0.000287135358315,0.0
15996527,0,1,0.000881834215168,0.0,0.000287135358315,0.0
127025596,6,0,0.0,0.0,0.00154246527624,0.0
3039959489,3,0,0.0,0.0,0.0005312272868,0.0
3011288651,0,1,0.00314940791131,0.0,0.000287135358315,0.0
4420913603,4,1,0.000881834215168,2.64628096343e-05,0.0021774729678,0.3
61903300,0,1,0.000881834215168,0.0,0.000287135358315,0.0
2981906885,0,1,0.000881834215168,0.0,0.000287135358315,0.0
3719926214,0,1,0.000881834215168,0.0,0.000287135358315,0.0
2823586002,0,2,0.0120937263794,0.0,0.000287135358315,0.0
3361105996,1,0,0.0,0.0,0.00114100971885,0.0
4237384138,0,2,0.0132545633568,0.0,0.000287135358315,0.0
94666733,0,7,0.0190786535565,0.0,0.000287135358315,0.238095238095
166050552,0,2,0.00198412698413,0.0,0.000287135358315,0.0
20284153,0,5,0.0158277936056,0.0,0.000287135358315,0.2
177887704,0,1,0.000881834215168,0.0,0.000287135358315,0.0
3067294169,0,1,0.000881834215168,0.0,0.000287135358315,0.0
31600719,0,2,0.00198412698413,0.0,0.000287135358315,0.0
3198085603,0,5,0.0160965794769,0.0,0.000287135358315,0.1
1710270948,0,1,0.000881834215168,0.0,0.000287135358315,0.0
3309041745,0,3,0.0166840458811,0.0,0.000287135358315,0.333333333333
319214057,0,1,0.000881834215168,0.0,0.000287135358315,0.0
206367211,0,1,0.0114615057144,0.0,0.000287135358315,0.0
3174212078,0,2,0.0119364299843,0.0,0.000287135358315,1.0
2424383984,0,2,0.0132140295239,0.0,0.000287135358315,0.0
3025662451,0,4,0.0197305372343,0.0,0.000287135358315,0.166666666667
3309128181,0,2,0.00176366843034,0.0,0.000287135358315,0.0
1473667578,9,3,0.0135432667691,6.15130604343e-05,0.00360119204709,0.309090909091
3723248123,0,2,0.0161230882624,0.0,0.000287135358315,0.0
351918312,0,1,0.000881834215168,0.0,0.000287135358315,0.0
22653013,34,0,0.0,0.0,0.00616942439455,0.0285204991087
2611931648,0,2,0.00176366843034,0.0,0.000287135358315,1.0
2540495760,0,1,0.000881834215168,0.0,0.000287135358315,0.0
1941008899,0,1,0.0141208746873,0.0,0.000287135358315,0.0
476482052,0,1,0.000881834215168,0.0,0.000287135358315,0.0
5495302,0,1,0.0137174211248,0.0,0.000287135358315,0.0
3011136007,0,1,0.000881834215168,0.0,0.000287135358315,0.0
37069320,5,0,0.0,0.0,0.000545756568258,0.0
3429758380,0,1,0.000881834215168,0.0,0.000287135358315,0.0
2739788895,0,11,0.017929409354,0.0,0.000287135358315,0.2
2626109963,0,1,0.00314940791131,0.0,0.000287135358315,0.0
316502549,0,1,0.000881834215168,0.0,0.000287135358315,0.0
129217965,0,1,0.0137174211248,0.0,0.000287135358315,0.0
4474931728,0,3,0.012561010623,0.0,0.000287135358315,0.666666666667
1947572312,0,2,0.0101431635078,0.0,0.000287135358315,1.0
734796306,0,2,0.00244953948658,0.0,0.000287135358315,1.0
508922388,0,1,0.000881834215168,0.0,0.000287135358315,0.0
3221338645,9,1,0.000881834215168,6.22654344337e-06,0.00777878720438,0.0
78699030,2,1,0.000881834215168,1.55663586084e-06,0.000422741985251,0.0
33921559,8,0,0.0,0.0,0.0016238292524,0.0
2967695897,0,1,0.000881834215168,0.0,0.000287135358315,0.0
293824843,0,1,0.000881834215168,0.0,0.000287135358315,0.0
18607071,0,1,0.0119035472571,0.0,0.000287135358315,0.0
1521732128,0,1,0.000881834215168,0.0,0.000287135358315,0.0
2393858480,0,1,0.0136308758811,0.0,0.000287135358315,0.0
2899005986,30,3,0.015783506385,0.000915986311784,0.0107716019635,0.103448275862
3395766821,0,2,0.0165555082541,0.0,0.000287135358315,1.0
4010598951,0,1,0.0158859840232,0.0,0.000287135358315,0.0
355185192,0,1,0.000881834215168,0.0,0.000287135358315,0.0
3262155305,6,1,0.000881834215168,0.0,0.00594801632895,0.333333333333
979696170,0,1,0.000881834215168,0.0,0.000287135358315,0.0
285837868,0,4,0.0146991272393,0.0,0.000287135358315,0.166666666667
2250905010,0,1,0.0142137751787,0.0,0.000287135358315,0.0
321954350,0,1,0.000881834215168,0.0,0.000287135358315,0.0
2874239021,1,0,0.0,0.0,0.00114100971885,0.0
2876762673,0,5,0.0145979312646,0.0,0.000287135358315,0.5
2835837491,0,3,0.0166491620924,0.0,0.000287135358315,0.0
1059189301,1,0,0.0,0.0,0.0005312272868,0.0
2574103094,0,2,0.00198412698413,0.0,0.000287135358315,0.0
3064336137,0,2,0.00176366843034,0.0,0.000287135358315,1.0
1087406648,0,1,0.000881834215168,0.0,0.000287135358315,0.0
43244090,0,1,0.000881834215168,0.0,0.000287135358315,0.0
3309290043,0,1,0.0158859840232,0.0,0.000287135358315,0.0
176722493,0,4,0.00420168067227,0.0,0.000287135358315,0.0
179862078,0,1,0.00117577895356,0.0,0.000287135358315,0.0
43730357,0,3,0.0167117529273,0.0,0.000287135358315,0.333333333333
800637505,0,1,0.000881834215168,0.0,0.000287135358315,0.0
2356775490,3,0,0.0,0.0,0.000422741985251,0.0
559262276,0,1,0.00117577895356,0.0,0.000287135358315,0.0
384881222,3,2,0.00446428571429,1.71229944693e-05,0.000601638420017,0.1
122520135,0,2,0.0144665461121,0.0,0.000287135358315,0.0
552012361,1,0,0.0,0.0,0.0005312272868,0.0
962462282,0,1,0.000881834215168,0.0,0.000287135358315,0.0
2409513548,0,2,0.0138938509785,0.0,0.000287135358315,0.0
3055731277,0,4,0.00367430922986,0.0,0.000287135358315,0.0
472324649,0,1,0.000881834215168,0.0,0.000287135358315,0.0
584258128,0,1,0.000881834215168,0.0,0.000287135358315,0.0
1373200982,0,1,0.000881834215168,0.0,0.000287135358315,0.0
37806679,6,1,0.000881834215168,4.66990758253e-06,0.0012838440663,0.0
4273433176,0,1,0.0115226337449,0.0,0.000287135358315,0.0
321024100,0,1,0.000881834215168,0.0,0.000287135358315,0.0
497463899,0,1,0.00117577895356,0.0,0.000287135358315,0.0
2305221212,5,1,0.000881834215168,3.11327172169e-06,0.00742561576103,0.0
2432779706,0,3,0.0126743416332,0.0,0.000287135358315,0.0
572777056,1,0,0.0,0.0,0.0005312272868,0.0
3039865441,0,26,0.0352943646594,0.0,0.000287135358315,0.0492307692308
872395362,0,1,0.000881834215168,0.0,0.000287135358315,0.0
4419551843,0,2,0.00446428571429,0.0,0.000287135358315,0.0
391369317,0,5,0.0180041152263,0.0,0.000287135358315,0.5
1428982718,0,5,0.00453514739229,0.0,0.000287135358315,0.0
2381081191,0,1,0.00117577895356,0.0,0.000287135358315,0.0
3065801320,0,10,0.0188361282994,0.0,0.000287135358315,0.244444444444
2373995113,9,0,0.0,0.0,0.00155505732017,0.0
852875882,0,5,0.0162443144899,0.0,0.000287135358315,0.2
2765384299,47,3,0.0136756113955,0.00194597396272,0.0128679969496,0.0602836879433
3256132204,6,0,0.0,0.0,0.00080922087202,0.0
2843862802,0,1,0.000881834215168,0.0,0.000287135358315,0.0
2183498354,0,1,0.000881834215168,0.0,0.000287135358315,0.0
2890398324,0,7,0.0182935237805,0.0,0.000287135358315,0.190476190476
958806649,0,1,0.000881834215168,0.0,0.000287135358315,0.0
553529981,0,3,0.0140674882236,0.0,0.000287135358315,0.0
3136617086,1,0,0.0,0.0,0.000322005633813,0.0
4078283391,0,1,0.000881834215168,0.0,0.000287135358315,0.0
2741381763,0,1,0.000881834215168,0.0,0.000287135358315,0.0
582763140,0,2,0.0150034293553,0.0,0.000287135358315,0.0
2236539660,0,1,0.000881834215168,0.0,0.000287135358315,0.0
599589512,0,2,0.0169450496248,0.0,0.000287135358315,0.0
73134729,0,2,0.010386276352,0.0,0.000287135358315,0.0
776643630,0,1,0.000881834215168,0.0,0.000287135358315,0.0
2171310733,0,1,0.000881834215168,0.0,0.000287135358315,0.0
15635088,1,0,0.0,0.0,0.000409181322558,0.0
69081746,1,1,0.000881834215168,7.78317930421e-07,0.000409181322558,0.0
2818255507,4,0,0.0,0.0,0.0021583611485,0.166666666667
528702100,12,0,0.0,0.0,0.00272805464317,0.0
406327957,1,0,0.0,0.0,0.000409181322558,0.0
4317500056,0,1,0.0158859840232,0.0,0.000287135358315,0.0
555260569,12,1,0.0128000387147,0.000205800232769,0.00427283094322,0.0606060606061
1470530204,0,1,0.000881834215168,0.0,0.000287135358315,0.0
2733009690,0,1,0.000881834215168,0.0,0.000287135358315,0.0
229947845,6,0,0.0,0.0,0.000546434601393,0.0
1729297056,0,36,0.0410469993803,0.0,0.000287135358315,0.0460317460317
3016821413,1,0,0.0,0.0,0.000348158340436,0.0
485827238,0,1,0.0114615057144,0.0,0.000287135358315,0.0
3063194279,0,2,0.00508104476358,0.0,0.000287135358315,0.0
637158056,0,2,0.00176366843034,0.0,0.000287135358315,0.0
1419706140,0,7,0.0167748161459,0.0,0.000287135358315,0.285714285714
504376775,0,1,0.000881834215168,0.0,0.000287135358315,0.0
2161472173,2,0,0.0,0.0,0.000775319215286,0.0
2603543214,0,1,0.00117577895356,0.0,0.000287135358315,0.0
3289750192,0,2,0.0131737428485,0.0,0.000287135358315,0.0
2474652337,0,1,0.000881834215168,0.0,0.000287135358315,0.0
3060540082,0,1,0.000881834215168,0.0,0.000287135358315,0.0
561968836,0,2,0.0174233373158,0.0,0.000287135358315,0.0
3065711285,0,1,0.0110856016924,0.0,0.000287135358315,0.0
2161949366,0,2,0.016283246442,0.0,0.000287135358315,0.0
4102457319,0,6,0.0168788580247,0.0,0.000287135358315,0.466666666667
293595832,3,1,0.000881834215168,2.33495379126e-06,0.00067546342636,0.0
1617660602,0,1,0.000881834215168,0.0,0.000287135358315,0.0
2270051,0,1,0.000881834215168,0.0,0.000287135358315,0.0
140526268,0,1,0.000881834215168,0.0,0.000287135358315,0.0
2750370495,0,1,0.00117577895356,0.0,0.000287135358315,0.0
78162626,0,1,0.000881834215168,0.0,0.000287135358315,0.0
2734572229,0,1,0.0137174211248,0.0,0.000287135358315,0.0
172606150,0,1,0.000881834215168,0.0,0.000287135358315,0.0
2815441610,0,6,0.0181554103123,0.0,0.000287135358315,0.2
1031168119,0,1,0.00117577895356,0.0,0.000287135358315,0.0
38466254,0,2,0.00176366843034,0.0,0.000287135358315,1.0
3415253711,0,2,0.0161230882624,0.0,0.000287135358315,0.0
19315409,0,2,0.0106312292359,0.0,0.000287135358315,0.0
547449556,0,1,0.000881834215168,0.0,0.000287135358315,0.0
2676069080,0,1,0.000881834215168,0.0,0.000287135358315,0.0
1615919834,0,1,0.0115226337449,0.0,0.000287135358315,0.0
433507366,1,0,0.0,0.0,0.0005312272868,0.0
2200470236,40,5,0.0203806441671,0.0074734964831,0.0133226862274,0.0817073170732
67244154,1,0,0.0,0.0,0.0005312272868,0.0
3001637615,0,1,0.00132275132275,0.0,0.000287135358315,0.0
277172568,0,1,0.000881834215168,0.0,0.000287135358315,0.0
319554274,0,1,0.00117577895356,0.0,0.000287135358315,0.0
30656635,17,6,0.0171363783609,0.00170923806307,0.00697239976813,0.0263157894737
135928548,0,1,0.000881834215168,0.0,0.000287135358315,0.0
2421072613,0,1,0.000881834215168,0.0,0.000287135358315,0.0
404906726,0,1,0.00117577895356,0.0,0.000287135358315,0.0
14381801,0,2,0.00176366843034,0.0,0.000287135358315,1.0
2788399851,7,1,0.0130385487528,0.000118823204044,0.00119254897484,0.047619047619
1728306642,0,2,0.00244953948658,0.0,0.000287135358315,1.0
1669503727,0,1,0.00117577895356,0.0,0.000287135358315,0.0
90452721,0,1,0.000881834215168,0.0,0.000287135358315,0.0
2204911059,0,1,0.0115226337449,0.0,0.000287135358315,0.0
3754268780,0,1,0.0158859840232,0.0,0.000287135358315,0.0
2807362295,0,1,0.000881834215168,0.0,0.000287135358315,0.0
277064440,0,1,0.000881834215168,0.0,0.000287135358315,0.0
1464161017,8,1,0.00117577895356,1.94579482605e-06,0.00979457963497,0.357142857143
1700072186,0,2,0.00176366843034,0.0,0.000287135358315,1.0
81091325,0,1,0.000881834215168,0.0,0.000287135358315,0.0
345045759,37,5,0.0142803153007,0.00358821676565,0.0163681136111,0.099573257468
2229556352,0,1,0.0137174211248,0.0,0.000287135358315,0.0
2418823297,0,1,0.00117577895356,0.0,0.000287135358315,0.0
357110231,1,0,0.0,0.0,0.0005312272868,0.0
2730511116,1,0,0.0,0.0,0.000730130376992,0.0
309959437,0,7,0.0139351920961,0.0,0.000287135358315,0.142857142857
24236845,0,2,0.010513351957,0.0,0.000287135358315,1.0
2364676880,0,1,0.000881834215168,0.0,0.000287135358315,0.0
4090630929,0,1,0.000881834215168,0.0,0.000287135358315,0.0
3321003683,0,2,0.0119364299843,0.0,0.000287135358315,1.0
1710373658,0,1,0.000881834215168,0.0,0.000287135358315,0.0
15586079,0,1,0.000881834215168,0.0,0.000287135358315,0.0
483066660,0,1,0.000881834215168,0.0,0.000287135358315,0.0
3032666697,0,2,0.00176366843034,0.0,0.000287135358315,0.0
1365365545,0,1,0.000881834215168,0.0,0.000287135358315,0.0
3174103850,0,10,0.0198210442859,0.0,0.000287135358315,0.288888888889
2961036075,0,1,0.000881834215168,0.0,0.000287135358315,0.0
2264864562,3,2,0.012958063884,0.000550011337498,0.00319398336406,0.166666666667
1890132782,0,1,0.000881834215168,0.0,0.000287135358315,0.0
2944281391,0,2,0.0169450496248,0.0,0.000287135358315,0.0
2292241544,0,1,0.00396825396825,0.0,0.000287135358315,0.0
1948208700,0,7,0.0182364612512,0.0,0.000287135358315,0.047619047619
2369325877,0,3,0.0027557319224,0.0,0.000287135358315,1.0
591207222,0,5,0.0177818421989,0.0,0.000287135358315,0.2
237548343,0,1,0.000881834215168,0.0,0.000287135358315,0.0
159615802,1,0,0.0,0.0,0.0005312272868,0.0
2167286587,0,1,0.000881834215168,0.0,0.000287135358315,0.0
1878907710,0,1,0.000881834215168,0.0,0.000287135358315,0.0
288924724,0,1,0.000881834215168,0.0,0.000287135358315,0.0
173953857,0,3,0.00282186948854,0.0,0.000287135358315,0.0
154080395,0,2,0.00198412698413,0.0,0.000287135358315,0.0
3262123641,0,2,0.00201562106324,0.0,0.000287135358315,0.0
2371287877,2,0,0.0,0.0,0.000775319215286,0.0
853915105,0,1,0.000881834215168,0.0,0.000287135358315,0.0
824550217,2,2,0.015783506385,0.000252397386008,0.00496534419748,0.0
17888075,0,2,0.00176366843034,0.0,0.000287135358315,0.0
1318542156,0,2,0.0120361773101,0.0,0.000287135358315,0.0
465451853,0,2,0.00176366843034,0.0,0.000287135358315,1.0
10685262,0,1,0.000881834215168,0.0,0.000287135358315,0.0
3339223887,0,1,0.000881834215168,0.0,0.000287135358315,0.0
3688829777,0,2,0.0113112627956,0.0,0.000287135358315,0.0
16911186,0,6,0.0216845184325,0.0,0.000287135358315,0.133333333333
3356788032,0,2,0.00176366843034,0.0,0.000287135358315,0.0
3200684884,28,2,0.0143290535782,0.000684336658036,0.0129315638552,0.0846560846561
3081661269,0,2,0.00198412698413,0.0,0.000287135358315,1.0
3095038967,0,1,0.000881834215168,0.0,0.000287135358315,0.0
2296241636,0,1,0.00117577895356,0.0,0.000287135358315,0.0
1903094618,0,1,0.000881834215168,0.0,0.000287135358315,0.0
3060491099,0,2,0.0122124348315,0.0,0.000287135358315,0.0
2346591070,0,1,0.000881834215168,0.0,0.000287135358315,0.0
428514789,4,0,0.0,0.0,0.00114145710801,0.0
3138281816,0,1,0.0119035472571,0.0,0.000287135358315,0.0
2465710945,0,1,0.00117577895356,0.0,0.000287135358315,0.0
25748323,0,2,0.0159446038905,0.0,0.000287135358315,1.0
2611555172,0,1,0.000881834215168,0.0,0.000287135358315,0.0
2402842028,0,1,0.000881834215168,0.0,0.000287135358315,0.0
2887211878,0,1,0.000881834215168,0.0,0.000287135358315,0.0
19252816,0,1,0.000881834215168,0.0,0.000287135358315,0.0
3303129963,1,0,0.0,0.0,0.0005312272868,0.0
232061808,3,0,0.0,0.0,0.00101941114377,0.0
545497969,0,1,0.000881834215168,0.0,0.000287135358315,0.0
3060276082,0,1,0.0141208746873,0.0,0.000287135358315,0.0
2452058995,0,3,0.017026429466,0.0,0.000287135358315,0.0
1401236340,17,1,0.000881834215168,1.08964510259e-05,0.0147101094301,0.0147058823529
1950258037,0,1,0.000881834215168,0.0,0.000287135358315,0.0
999000956,0,1,0.000881834215168,0.0,0.000287135358315,0.0
66290559,1,0,0.0,0.0,0.000348158340436,0.0
421010304,0,2,0.00176366843034,0.0,0.000287135358315,0.0
1703369605,0,1,0.0137174211248,0.0,0.000287135358315,0.0
366576518,0,1,0.000881834215168,0.0,0.000287135358315,0.0
163081096,0,3,0.016868740116,0.0,0.000287135358315,0.0
20099979,0,1,0.000881834215168,0.0,0.000287135358315,0.0
7431052,0,2,0.00176366843034,0.0,0.000287135358315,0.0
3063927694,0,3,0.0144032921811,0.0,0.000287135358315,0.333333333333
205868525,0,1,0.000881834215168,0.0,0.000287135358315,0.0
353915792,3,1,0.000881834215168,0.0,0.000653273251043,0.5
789244819,0,2,0.00235155790711,0.0,0.000287135358315,0.0
979162004,18,0,0.0,0.0,0.00378578633327,0.0
85070744,0,1,0.000881834215168,0.0,0.000287135358315,0.0
3131507609,7,1,0.0155496766608,5.66028626336e-05,0.00290002032879,0.142857142857
3404191215,0,1,0.000881834215168,0.0,0.000287135358315,0.0
3041019303,0,4,0.00367430922986,0.0,0.000287135358315,0.666666666667
2817473437,61,9,0.0161477411477,0.00465050213984,0.0305959310052,0.0512956107879
2900486863,0,1,0.000881834215168,0.0,0.000287135358315,0.0
2652578629,1,0,0.0,0.0,0.0005312272868,0.0
1312727971,0,1,0.000881834215168,0.0,0.000287135358315,0.0
3064808358,0,1,0.0158859840232,0.0,0.000287135358315,0.0
705551271,1,1,0.0155496766608,0.0,0.00244573812855,0.0
607595676,0,1,0.000881834215168,0.0,0.000287135358315,0.0
1368011690,0,1,0.0110856016924,0.0,0.000287135358315,0.0
1018055264,1,0,0.0,0.0,0.0005312272868,0.0
4315905461,0,1,0.0142137751787,0.0,0.000287135358315,0.0
2313708462,0,1,0.0119035472571,0.0,0.000287135358315,0.0
1170537392,2,0,0.0,0.0,0.000653273251043,0.0
372797939,0,8,0.0232311164211,0.0,0.000287135358315,0.214285714286
94055348,0,2,0.00176366843034,0.0,0.000287135358315,0.0
817607605,9,3,0.00282186948854,2.25712199822e-05,0.00512623452344,0.333333333333
70413238,1,0,0.0,0.0,0.000322005633813,0.0
3291046842,1,0,0.0,0.0,0.000300696021009,0.0
64222139,0,1,0.000881834215168,0.0,0.000287135358315,0.0
1868629159,0,1,0.00132275132275,0.0,0.000287135358315,0.0
2614969278,48,0,0.0,0.0,0.010806234837,0.000886524822695
14972914,0,3,0.0142478406367,0.0,0.000287135358315,0.0
2842625805,0,1,0.00117577895356,0.0,0.000287135358315,0.0
3064042437,0,2,0.0122124348315,0.0,0.000287135358315,0.0
2346099314,0,1,0.000881834215168,0.0,0.000287135358315,0.0
3124607944,4,1,0.0134134591004,5.37039371991e-05,0.00143900498272,0.333333333333
105059274,0,1,0.000881834215168,0.0,0.000287135358315,0.0
2488091810,0,1,0.000881834215168,0.0,0.000287135358315,0.0
3171876482,0,8,0.020343266375,0.0,0.000287135358315,0.25
1971403597,1,0,0.0,0.0,0.0005312272868,0.0
3238958584,1,0,0.0,0.0,0.000409181322558,0.0
3362816979,1,1,0.0155496766608,0.0,0.00244573812855,0.0
383796181,3,0,0.0,0.0,0.00101941114377,0.0
855229398,0,1,0.000881834215168,0.0,0.000287135358315,0.0
173179863,0,1,0.000881834215168,0.0,0.000287135358315,0.0
2542136280,1,0,0.0,0.0,0.000300696021009,0.0
325458905,1,0,0.0,0.0,0.000409181322558,0.0
24153052,0,1,0.000881834215168,0.0,0.000287135358315,0.0
3385189343,0,1,0.000881834215168,0.0,0.000287135358315,0.0
1731544032,0,1,0.000881834215168,0.0,0.000287135358315,0.0
3044538875,0,3,0.0122799068471,0.0,0.000287135358315,0.0
2935524324,0,1,0.0118708452042,0.0,0.000287135358315,0.0
241820645,0,4,0.0156557523707,0.0,0.000287135358315,0.166666666667
301469223,0,1,0.000881834215168,0.0,0.000287135358315,0.0
3012819943,0,1,0.000881834215168,0.0,0.000287135358315,0.0
33584104,0,1,0.0114615057144,0.0,0.000287135358315,0.0
3222229993,0,2,0.0166233766234,0.0,0.000287135358315,0.0
26860522,2,1,0.000881834215168,1.55663586084e-06,0.000775319215286,0.0
2165000359,0,1,0.000881834215168,0.0,0.000287135358315,0.0
4347886572,0,1,0.0130939019828,0.0,0.000287135358315,0.0
3818758994,0,1,0.000881834215168,0.0,0.000287135358315,0.0
3174532026,2,0,0.0,0.0,0.000433590515406,0.0
14335144,0,1,0.000881834215168,0.0,0.000287135358315,0.0
228701171,0,1,0.000881834215168,0.0,0.000287135358315,0.0
3064624119,0,13,0.0256955276223,0.0,0.000287135358315,0.230769230769
479415289,0,3,0.0134706856929,0.0,0.000287135358315,0.333333333333
39977981,0,1,0.0158859840232,0.0,0.000287135358315,0.0
1146248196,0,1,0.000881834215168,0.0,0.000287135358315,0.0
2374331401,0,1,0.0158859840232,0.0,0.000287135358315,0.0
2692041738,0,1,0.00117577895356,0.0,0.000287135358315,0.0
14588939,0,1,0.000881834215168,0.0,0.000287135358315,0.0
923667469,7,0,0.0,0.0,0.00764761854291,0.047619047619
189705230,8,1,0.0102400309717,2.19226217069e-05,0.00228185778159,0.107142857143
455955472,0,1,0.000881834215168,0.0,0.000287135358315,0.0
3079189521,3,2,0.00176366843034,6.22654344337e-06,0.00690582705519,0.333333333333
3415866389,0,3,0.0026455026455,0.0,0.000287135358315,1.0
2683322522,0,2,0.0115763705173,0.0,0.000287135358315,0.0
231317087,2,0,0.0,0.0,0.00673988417714,0.0
1140466716,0,4,0.00367430922986,0.0,0.000287135358315,0.666666666667
387757085,0,1,0.000881834215168,0.0,0.000287135358315,0.0
14912542,0,1,0.000881834215168,0.0,0.000287135358315,0.0
3025714693,3,0,0.0,0.0,0.00101941114377,0.0
2977717281,0,1,0.000881834215168,0.0,0.000287135358315,0.0
755829794,0,1,0.000881834215168,0.0,0.000287135358315,0.0
4292469795,12,9,0.016529183852,0.0024475763958,0.00468862226932,0.0116959064327
3123023255,0,1,0.0141208746873,0.0,0.000287135358315,0.0
27384870,0,1,0.0124524139894,0.0,0.000287135358315,0.0
219240615,0,1,0.0115226337449,0.0,0.000287135358315,0.0
913968170,7,0,0.0,0.0,0.00167584437534,0.0
3189193773,66,5,0.0143290535782,0.00217877070885,0.0220530327387,0.0405594405594
2718223406,0,1,0.000881834215168,0.0,0.000287135358315,0.0
487570479,0,3,0.0162443144899,0.0,0.000287135358315,0.0
2413035016,0,1,0.0137174211248,0.0,0.000287135358315,0.0
2344115251,0,2,0.0112539905789,0.0,0.000287135358315,0.0
3185712180,0,1,0.0158859840232,0.0,0.000287135358315,0.0
3359222837,0,4,0.0134136782285,0.0,0.000287135358315,0.0
3600436035,0,7,0.0209685201824,0.0,0.000287135358315,0.142857142857
38624095,0,2,0.0159330690991,0.0,0.000287135358315,0.0
439864380,0,2,0.00176366843034,0.0,0.000287135358315,1.0
185584702,0,3,0.0026455026455,0.0,0.000287135358315,0.0
15838274,0,1,0.000881834215168,0.0,0.000287135358315,0.0
2451827780,4,0,0.0,0.0,0.00082956186606,0.0
94063685,3,1,0.0134997192875,0.000107407874398,0.00277817577841,0.0
1198492742,0,1,0.000881834215168,0.0,0.000287135358315,0.0
2566267745,0,1,0.00117577895356,0.0,0.000287135358315,0.0
2613771337,0,1,0.00117577895356,0.0,0.000287135358315,0.0
145747018,0,7,0.0227420402859,0.0,0.000287135358315,0.238095238095
3037172811,0,1,0.0015873015873,0.0,0.000287135358315,0.0
1241541708,1,0,0.0,0.0,0.000293915689662,0.0
497511501,0,1,0.0115226337449,0.0,0.000287135358315,0.0
1332307022,0,1,0.000881834215168,0.0,0.000287135358315,0.0
755848273,1,0,0.0,0.0,0.000300696021009,0.0
6937682,0,2,0.0131908791652,0.0,0.000287135358315,0.0
3313089379,0,1,0.000881834215168,0.0,0.000287135358315,0.0
2155502678,0,2,0.00176366843034,0.0,0.000287135358315,0.0
3588430935,0,3,0.0026455026455,0.0,0.000287135358315,1.0
16106584,0,1,0.000881834215168,0.0,0.000287135358315,0.0
3302873956,0,1,0.0158859840232,0.0,0.000287135358315,0.0
361022555,1,0,0.0,0.0,0.0005312272868,0.0
1352867323,0,1,0.000881834215168,0.0,0.000287135358315,0.0
2262508641,0,1,0.000881834215168,0.0,0.000287135358315,0.0
1275479138,3,0,0.0,0.0,0.000897365179528,0.0
2739508323,0,2,0.0122124348315,0.0,0.000287135358315,0.0
19002469,1,0,0.0,0.0,0.000868412843193,0.0
25416809,0,1,0.0134192163178,0.0,0.000287135358315,0.0
3053646956,0,3,0.0204996796925,0.0,0.000287135358315,0.0
3070276114,0,1,0.0158859840232,0.0,0.000287135358315,0.0
435793297,0,1,0.00117577895356,0.0,0.000287135358315,0.0
2886418280,0,1,0.0141208746873,0.0,0.000287135358315,0.0
59525310,0,1,0.0110856016924,0.0,0.000287135358315,0.0
505775222,0,2,0.00896235136827,0.0,0.000287135358315,0.0
185838712,0,1,0.000881834215168,0.0,0.000287135358315,0.0
2955131278,1,0,0.0,0.0,0.000322005633813,0.0
2789868666,6,2,0.0160858724077,0.000684307625542,0.00232752081995,0.047619047619
100785275,1,1,0.0139020288027,0.0,0.00107306566282,0.0
598293628,6,1,0.000881834215168,2.72411275648e-06,0.00121875288537,0.0952380952381
2778608765,0,1,0.0158859840232,0.0,0.000287135358315,0.0
2165238910,1,1,0.000881834215168,7.78317930421e-07,0.000322005633813,0.0
1164463231,5,0,0.0,0.0,0.00127706373495,0.0
3345818752,0,2,0.016003657979,0.0,0.000287135358315,0.0
410913827,0,1,0.000881834215168,0.0,0.000287135358315,0.0
5840002,0,1,0.013805072378,0.0,0.000287135358315,0.0
2726134916,0,2,0.00176366843034,0.0,0.000287135358315,1.0
2786395269,0,1,0.00872926798853,0.0,0.000287135358315,0.0
592207953,1,0,0.0,0.0,0.000409181322558,0.0
3260800136,0,1,0.000881834215168,0.0,0.000287135358315,0.0
2339816586,2,0,0.0,0.0,0.000561738777861,0.0
3243057687,0,1,0.000881834215168,0.0,0.000287135358315,0.0
817271948,0,1,0.013805072378,0.0,0.000287135358315,0.0
154225805,0,1,0.000881834215168,0.0,0.000287135358315,0.0
1066253454,0,1,0.000881834215168,0.0,0.000287135358315,0.0
214986465,0,1,0.000881834215168,0.0,0.000287135358315,0.0
197160085,0,1,0.000881834215168,0.0,0.000287135358315,0.0
2784584854,0,1,0.00117577895356,0.0,0.000287135358315,0.0
2208002585,1,0,0.0,0.0,0.0005312272868,0.0
3410642074,0,1,0.0114615057144,0.0,0.000287135358315,0.0
2874238107,0,1,0.00132275132275,0.0,0.000287135358315,0.0
316325020,0,2,0.0133277800916,0.0,0.000287135358315,0.0
570278217,0,1,0.0130939019828,0.0,0.000287135358315,0.0
2196239216,0,1,0.000881834215168,0.0,0.000287135358315,0.0
22850722,0,1,0.000881834215168,0.0,0.000287135358315,0.0
107705511,1,0,0.0,0.0,0.000300696021009,0.0
23784616,2,0,0.0,0.0,0.00110544192183,0.0
3819087017,0,1,0.0130939019828,0.0,0.000287135358315,0.0
3002350762,0,1,0.000881834215168,0.0,0.000287135358315,0.0
2895340715,0,2,0.01346102073,0.0,0.000287135358315,1.0
3242606751,0,1,0.000881834215168,0.0,0.000287135358315,0.0
3096598386,0,1,0.00117577895356,0.0,0.000287135358315,0.0
85852268,0,1,0.0136308758811,0.0,0.000287135358315,0.0
462516083,0,1,0.0156557523707,0.0,0.000287135358315,0.0
1720134840,0,4,0.0164641714024,0.0,0.000287135358315,0.166666666667
216507252,0,1,0.00117577895356,0.0,0.000287135358315,0.0
352339132,0,1,0.000881834215168,0.0,0.000287135358315,0.0
2712642749,5,0,0.0,0.0,0.00110262430121,0.0
776045762,0,1,0.000881834215168,0.0,0.000287135358315,0.0
361493699,12,0,0.0,0.0,0.00126248602255,0.0
1487502889,0,2,0.0166233766234,0.0,0.000287135358315,0.0
40555720,0,3,0.0026455026455,0.0,0.000287135358315,0.0
3293379785,0,2,0.0118383223406,0.0,0.000287135358315,0.0
2963506379,0,7,0.0202122001064,0.0,0.000287135358315,0.0
6653132,0,1,0.000881834215168,0.0,0.000287135358315,0.0
925655586,1,0,0.0,0.0,0.000309325533632,0.0
3011314894,0,2,0.00176366843034,0.0,0.000287135358315,0.0
2265072848,0,4,0.0155605779226,0.0,0.000287135358315,0.0
2756574420,0,1,0.000881834215168,0.0,0.000287135358315,0.0
223023397,0,1,0.000881834215168,0.0,0.000287135358315,0.0
584324311,0,1,0.00117577895356,0.0,0.000287135358315,0.0
2980312612,0,1,0.00132275132275,0.0,0.000287135358315,0.0
286744387,0,1,0.000881834215168,0.0,0.000287135358315,0.0
16647387,0,5,0.016210739615,0.0,0.000287135358315,0.0
2730566876,2,0,0.0,0.0,0.000974222305477,0.0
64569147,0,1,0.0137174211248,0.0,0.000287135358315,0.0
3059633374,0,2,0.0144798901585,0.0,0.000287135358315,0.0
2589731365,1,0,0.0,0.0,0.00114100971885,0.0
1427997920,0,1,0.0015873015873,0.0,0.000287135358315,0.0
2294613200,0,1,0.000881834215168,0.0,0.000287135358315,0.0
34845922,0,1,0.000881834215168,0.0,0.000287135358315,0.0
1468609764,0,1,0.000881834215168,0.0,0.000287135358315,0.0
946941026,0,16,0.024223167694,0.0,0.000287135358315,0.125
3105285350,2,0,0.0,0.0,0.00282893160256,1.0
393792744,0,2,0.0144665461121,0.0,0.000287135358315,0.0
854203626,13,2,0.0117602596594,0.00101601622637,0.00634378368962,0.0897435897436
2876404263,0,1,0.0141208746873,0.0,0.000287135358315,0.0
3248432364,10,3,0.0122760605217,0.0025790762987,0.00577441816082,0.127272727273
130775800,0,3,0.0027557319224,0.0,0.000287135358315,1.0
2545358062,0,1,0.00396825396825,0.0,0.000287135358315,0.0
483029266,0,10,0.0204081632653,0.0,0.000287135358315,0.155555555556
2877273328,0,1,0.000881834215168,0.0,0.000287135358315,0.0
132233086,0,1,0.000881834215168,0.0,0.000287135358315,0.0
1634178295,2,0,0.0,0.0,0.00037082401951,0.0
3438267641,0,2,0.00198412698413,0.0,0.000287135358315,1.0
2610369787,0,2,0.00176366843034,0.0,0.000287135358315,1.0
307584252,0,1,0.0101194090265,0.0,0.000287135358315,0.0
1209210109,0,1,0.00396825396825,0.0,0.000287135358315,0.0
1880267845,0,1,0.00117577895356,0.0,0.000287135358315,0.0
570244351,0,1,0.00117577895356,0.0,0.000287135358315,0.0
2552947968,0,2,0.00244953948658,0.0,0.000287135358315,0.0
3301756164,0,1,0.000881834215168,0.0,0.000287135358315,0.0
105061638,0,1,0.000881834215168,0.0,0.000287135358315,0.0
485879049,0,1,0.000881834215168,0.0,0.000287135358315,0.0
3043667159,0,1,0.0142137751787,0.0,0.000287135358315,0.0
3060238211,0,2,0.0113717128643,0.0,0.000287135358315,0.0
1586085140,0,1,0.0015873015873,0.0,0.000287135358315,0.0
344864021,0,1,0.000881834215168,0.0,0.000287135358315,0.0
2764760343,0,1,0.000881834215168,0.0,0.000287135358315,0.0
4517463320,0,1,0.00396825396825,0.0,0.000287135358315,0.0
193103129,0,2,0.00198412698413,0.0,0.000287135358315,0.0
376687899,0,1,0.00132275132275,0.0,0.000287135358315,0.0
2870943005,0,1,0.00117577895356,0.0,0.000287135358315,0.0
3261373726,0,1,0.0130939019828,0.0,0.000287135358315,0.0
3403310847,0,1,0.0158859840232,0.0,0.000287135358315,0.0
3798105376,1,0,0.0,0.0,0.0005312272868,0.0
15797540,0,8,0.0167748161459,0.0,0.000287135358315,0.142857142857
3395749725,1,0,0.0,0.0,0.000409181322558,0.0
1628040487,0,1,0.000881834215168,0.0,0.000287135358315,0.0
321664296,0,2,0.0123105061377,0.0,0.000287135358315,0.0
1033753820,0,1,0.000881834215168,0.0,0.000287135358315,0.0
438693162,0,1,0.000881834215168,0.0,0.000287135358315,0.0
2791605549,0,2,0.00176366843034,0.0,0.000287135358315,0.0
3024885041,27,0,0.0,0.0,0.00612909640878,0.0
1146744114,0,2,0.0144798901585,0.0,0.000287135358315,0.0
2879835768,0,7,0.0207933386399,0.0,0.000287135358315,0.0
259437876,0,1,0.000881834215168,0.0,0.000287135358315,0.0
3081938142,0,1,0.0158859840232,0.0,0.000287135358315,0.0
1968241974,0,1,0.000881834215168,0.0,0.000287135358315,0.0
2447935028,0,1,0.000881834215168,0.0,0.000287135358315,0.0
4505861434,0,1,0.000881834215168,0.0,0.000287135358315,0.0
1604842813,0,1,0.00396825396825,0.0,0.000287135358315,0.0
19178814,0,2,0.00176366843034,0.0,0.000287135358315,0.0
3063657605,0,1,0.000881834215168,0.0,0.000287135358315,0.0
2438989124,0,1,0.00117577895356,0.0,0.000287135358315,0.0
2210416120,0,1,0.000881834215168,0.0,0.000287135358315,0.0
3313118433,0,1,0.000881834215168,0.0,0.000287135358315,0.0
3490020682,0,1,0.000881834215168,0.0,0.000287135358315,0.0
831069751,0,2,0.00176366843034,0.0,0.000287135358315,0.0
3038318695,0,1,0.0118708452042,0.0,0.000287135358315,0.0
2901550413,0,2,0.0161230882624,0.0,0.000287135358315,0.0
3041688913,14,1,0.0115978251337,6.12276771932e-05,0.0037208430038,0.10989010989
270767442,0,1,0.000881834215168,0.0,0.000287135358315,0.0
3087437139,0,1,0.000881834215168,0.0,0.000287135358315,0.0
2745666900,0,2,0.00176366843034,0.0,0.000287135358315,1.0
2482824535,0,1,0.00117577895356,0.0,0.000287135358315,0.0
2717637977,0,1,0.000881834215168,0.0,0.000287135358315,0.0
2993849690,2,0,0.0,0.0,0.000316864503451,0.0
304197426,1,0,0.0,0.0,0.0005312272868,0.0
4060801936,0,1,0.000881834215168,0.0,0.000287135358315,0.0
3705052514,0,1,0.0158859840232,0.0,0.000287135358315,0.0
1281242467,0,2,0.0165555082541,0.0,0.000287135358315,1.0
18738532,1,0,0.0,0.0,0.000868412843193,0.0
2259905766,0,1,0.00117577895356,0.0,0.000287135358315,0.0
2485542247,0,1,0.000881834215168,0.0,0.000287135358315,0.0
2647063912,0,1,0.0158859840232,0.0,0.000287135358315,0.0
271492457,8,2,0.015783506385,0.000421642619978,0.00550777070523,0.107142857143
433288556,0,1,0.000881834215168,0.0,0.000287135358315,0.0
372735341,0,1,0.000881834215168,0.0,0.000287135358315,0.0
2783710574,0,1,0.00117577895356,0.0,0.000287135358315,0.0
2422672752,0,2,0.00198412698413,0.0,0.000287135358315,0.0
265260401,82,12,0.0207842212793,0.0109580462421,0.0304702368037,0.00705260064649
706562963,0,1,0.000881834215168,0.0,0.000287135358315,0.0
1965337975,0,1,0.00117577895356,0.0,0.000287135358315,0.0
3906172280,0,1,0.000881834215168,0.0,0.000287135358315,0.0
20818836,0,1,0.0141208746873,0.0,0.000287135358315,0.0
176760042,0,1,0.00117577895356,0.0,0.000287135358315,0.0
1343565182,1,0,0.0,0.0,0.00244573812855,0.0
70483327,0,2,0.0144798901585,0.0,0.000287135358315,0.0
3346101634,0,4,0.0193766262526,0.0,0.000287135358315,0.166666666667
20940166,1,0,0.0,0.0,0.000335953744012,0.0
69670280,2,0,0.0,0.0,0.00038205999717,0.0
2906842505,0,14,0.0202863270156,0.0,0.000287135358315,0.186813186813
3893540234,0,1,0.00117577895356,0.0,0.000287135358315,0.0
301884812,0,1,0.000881834215168,0.0,0.000287135358315,0.0
3194777154,0,1,0.000881834215168,0.0,0.000287135358315,0.0
567612814,0,1,0.0158859840232,0.0,0.000287135358315,0.0
2909126033,0,1,0.000881834215168,0.0,0.000287135358315,0.0
1022580114,1,0,0.0,0.0,0.0005312272868,0.0
264115583,0,1,0.000881834215168,0.0,0.000287135358315,0.0
164498067,0,5,0.0158196664721,0.0,0.000287135358315,0.2
584918421,0,1,0.00117577895356,0.0,0.000287135358315,0.0
347407270,0,1,0.00117577895356,0.0,0.000287135358315,0.0
2271696281,16,0,0.0,0.0,0.00407056024984,0.0
282584460,0,2,0.00176366843034,0.0,0.000287135358315,0.0
21661083,0,4,0.0163431113186,0.0,0.000287135358315,0.0
3064698268,7,0,0.0,0.0,0.00143301135593,0.0
520202138,1,0,0.0,0.0,0.000322005633813,0.0
56493580,0,1,0.00117577895356,0.0,0.000287135358315,0.0
302067103,0,2,0.00176366843034,0.0,0.000287135358315,0.0
3294675077,0,1,0.000881834215168,0.0,0.000287135358315,0.0
531742113,0,2,0.00176366843034,0.0,0.000287135358315,0.0
2801307042,0,7,0.0172135330865,0.0,0.000287135358315,0.047619047619
66984518,1,1,0.000881834215168,7.78317930421e-07,0.000314256683702,0.0
230102439,0,1,0.0115226337449,0.0,0.000287135358315,0.0
5777642,0,1,0.000881834215168,0.0,0.000287135358315,0.0
2830204330,0,1,0.000881834215168,0.0,0.000287135358315,0.0
2993946027,0,2,0.0123810534508,0.0,0.000287135358315,0.0
3689016748,1,1,0.000881834215168,7.78317930421e-07,0.0005312272868,0.0
2864387501,0,3,0.0154874109474,0.0,0.000287135358315,0.0
2740991406,0,1,0.000881834215168,0.0,0.000287135358315,0.0
16732869,0,1,0.000881834215168,0.0,0.000287135358315,0.0
2785439157,0,2,0.0111691615042,0.0,0.000287135358315,0.0
2733815222,0,1,0.0158859840232,0.0,0.000287135358315,0.0
2210116169,0,1,0.000881834215168,0.0,0.000287135358315,0.0
420240824,0,1,0.000881834215168,0.0,0.000287135358315,0.0
217619898,0,1,0.000881834215168,0.0,0.000287135358315,0.0
532173032,0,3,0.0031746031746,0.0,0.000287135358315,0.0
1506123386,0,2,0.00176366843034,0.0,0.000287135358315,0.0
2953119170,1,1,0.00141093474427,0.0,0.00177792747055,0.0
1511230915,0,1,0.000881834215168,0.0,0.000287135358315,0.0
239365575,0,1,0.000881834215168,0.0,0.000287135358315,0.0
2229658135,0,14,0.0213910279917,0.0,0.000287135358315,0.197802197802
2474159071,0,1,0.000881834215168,0.0,0.000287135358315,0.0
4141159882,0,1,0.0130939019828,0.0,0.000287135358315,0.0
3373829367,0,2,0.00198412698413,0.0,0.000287135358315,1.0
429129164,0,1,0.000881834215168,0.0,0.000287135358315,0.0
524821967,0,1,0.00117577895356,0.0,0.000287135358315,0.0
520494546,0,1,0.000881834215168,0.0,0.000287135358315,0.0
152552355,0,1,0.00117577895356,0.0,0.000287135358315,0.0
2438069776,1,0,0.0,0.0,0.0005312272868,0.0
1257149911,1,0,0.0,0.0,0.000409181322558,0.0
175128026,2,1,0.0134997192875,0.0,0.00241203788568,1.0
560076251,1,0,0.0,0.0,0.0005312272868,0.0
2787120606,6,0,0.0,0.0,0.000982119321364,0.0
1857635809,0,2,0.00198412698413,0.0,0.000287135358315,0.0
252673041,0,7,0.0205802142531,0.0,0.000287135358315,0.333333333333
2257501669,0,1,0.000881834215168,0.0,0.000287135358315,0.0
843079249,0,7,0.0146972369195,0.0,0.000287135358315,0.380952380952
332807420,0,1,0.0158859840232,0.0,0.000287135358315,0.0
15171447,0,3,0.00282186948854,0.0,0.000287135358315,0.0
3290373611,0,1,0.00396825396825,0.0,0.000287135358315,0.0
433212909,2,0,0.0,0.0,0.000592250268922,0.0
3303472623,0,2,0.00176366843034,0.0,0.000287135358315,1.0
114804210,3,0,0.0,0.0,0.000449863310639,0.0
387558654,0,1,0.000881834215168,0.0,0.000287135358315,0.0
33623543,10,0,0.0,0.0,0.00239044926618,0.0
3461651960,0,1,0.0127087872186,0.0,0.000287135358315,0.0
1435196923,2,0,0.0,0.0,0.000309171435192,0.0
2930436777,0,2,0.0122124348315,0.0,0.000287135358315,0.0
2902203903,0,4,0.0156557523707,0.0,0.000287135358315,0.333333333333
375072256,8,1,0.000881834215168,1.55663586084e-06,0.00600178747663,0.178571428571
59881815,8,2,0.00464123271141,4.97345157539e-05,0.000835850437112,0.0
3063129825,0,1,0.00117577895356,0.0,0.000287135358315,0.0
2346524510,1,1,0.000881834215168,1.7753679078e-05,0.00114100971885,0.0
3252940293,8,0,0.0,0.0,0.00141460759941,0.0
18687005,0,1,0.0158859840232,0.0,0.000287135358315,0.0
1531368576,0,4,0.0106809078772,0.0,0.000287135358315,0.166666666667
3320741385,0,2,0.0153771802645,0.0,0.000287135358315,0.0
441084503,0,1,0.000881834215168,0.0,0.000287135358315,0.0
439604748,1,1,0.000881834215168,3.89158965211e-07,0.000322005633813,0.0
2508295693,0,1,0.000881834215168,0.0,0.000287135358315,0.0
3298371501,0,1,0.00117577895356,0.0,0.000287135358315,0.0
333913616,0,1,0.000881834215168,0.0,0.000287135358315,0.0
620451416,0,1,0.00117577895356,0.0,0.000287135358315,0.0
3060424210,0,7,0.0152380952381,0.0,0.000287135358315,0.285714285714
43483290,1,0,0.0,0.0,0.0005312272868,0.0
3062899289,0,1,0.000881834215168,0.0,0.000287135358315,0.0
842712600,0,1,0.000881834215168,0.0,0.000287135358315,0.0
958058010,0,4,0.0164923192913,0.0,0.000287135358315,0.5
27893275,0,1,0.0101194090265,0.0,0.000287135358315,0.0
3064671773,0,1,0.0115226337449,0.0,0.000287135358315,0.0
3246085665,0,1,0.00117577895356,0.0,0.000287135358315,0.0
174309979,0,1,0.000881834215168,0.0,0.000287135358315,0.0
2876392996,0,1,0.000881834215168,0.0,0.000287135358315,0.0
3427716647,0,1,0.0110856016924,0.0,0.000287135358315,0.0
1428767324,0,1,0.000881834215168,0.0,0.000287135358315,0.0
2727456299,1,0,0.0,0.0,0.000409181322558,0.0
2214438444,6,0,0.0,0.0,0.00175168692923,0.0
2163496493,0,2,0.00176366843034,0.0,0.000287135358315,0.0
385167468,0,1,0.000881834215168,0.0,0.000287135358315,0.0
2743346901,0,1,0.000881834215168,0.0,0.000287135358315,0.0
2355244596,15,1,0.00987861811391,0.000222131937342,0.0048351388391,0.0571428571429
215735902,0,2,0.00176366843034,0.0,0.000287135358315,0.0
563228214,0,1,0.0015873015873,0.0,0.000287135358315,0.0
2251052599,0,1,0.000881834215168,0.0,0.000287135358315,0.0
3312590392,4,0,0.0,0.0,0.000580045672497,0.0
3228087867,2,0,0.0,0.0,0.000775319215286,0.0
1649489468,0,2,0.0119364299843,0.0,0.000287135358315,1.0
27676222,0,4,0.0157700279355,0.0,0.000287135358315,0.166666666667
29291916,0,1,0.000881834215168,0.0,0.000287135358315,0.0
1447517761,2,0,0.0,0.0,0.000775319215286,0.0
837786290,0,1,0.000881834215168,0.0,0.000287135358315,0.0
330069572,0,2,0.00176366843034,0.0,0.000287135358315,0.0
2233232966,0,1,0.000881834215168,0.0,0.000287135358315,0.0
71756385,1,0,0.0,0.0,0.0005312272868,0.0
4265130252,8,1,0.0116299520732,0.0,0.00477921939517,0.25
2451850826,0,1,0.00117577895356,0.0,0.000287135358315,0.0
133473867,0,1,0.00117577895356,0.0,0.000287135358315,0.0
806214242,0,1,0.000881834215168,0.0,0.000287135358315,0.0
1442504270,0,1,0.0141208746873,0.0,0.000287135358315,0.0
3186353744,0,1,0.000881834215168,0.0,0.000287135358315,0.0
3060223569,0,1,0.00117577895356,0.0,0.000287135358315,0.0
506354308,0,1,0.000881834215168,0.0,0.000287135358315,0.0
331016803,0,2,0.00508104476358,0.0,0.000287135358315,0.0
1119263430,0,1,0.000881834215168,0.0,0.000287135358315,0.0
399105624,1,0,0.0,0.0,0.000293915689662,0.0
2897331803,0,6,0.00529100529101,0.0,0.000287135358315,0.0666666666667
2242188218,0,2,0.00198412698413,0.0,0.000287135358315,0.0
2230007390,0,1,0.0128600823045,0.0,0.000287135358315,0.0
3334281808,0,1,0.000881834215168,0.0,0.000287135358315,0.0
92313185,0,2,0.00198412698413,0.0,0.000287135358315,0.0
1643638370,0,1,0.000881834215168,0.0,0.000287135358315,0.0
2399207011,2,0,0.0,0.0,0.000974222305477,0.0
193774185,0,1,0.00183715461493,0.0,0.000287135358315,0.0
16406120,0,1,0.000881834215168,0.0,0.000287135358315,0.0
3499515497,0,1,0.000881834215168,0.0,0.000287135358315,0.0
28690706,0,7,0.0221589110478,0.0,0.000287135358315,0.380952380952
114484847,0,1,0.000881834215168,0.0,0.000287135358315,0.0
2495139440,0,3,0.0126743416332,0.0,0.000287135358315,0.0
66104945,0,1,0.000881834215168,0.0,0.000287135358315,0.0
3128637045,1,0,0.0,0.0,0.000368499334477,0.0
435826294,1,0,0.0,0.0,0.000335953744012,0.0
2991769207,6,0,0.0,0.0,0.00118891942744,0.0
1089885816,0,1,0.000881834215168,0.0,0.000287135358315,0.0
3319950969,0,1,0.000881834215168,0.0,0.000287135358315,0.0
2842236538,0,1,0.000881834215168,0.0,0.000287135358315,0.0
58010901,1,0,0.0,0.0,0.0005312272868,0.0
1971140226,0,1,0.000881834215168,0.0,0.000287135358315,0.0
132150915,0,1,0.0108567529003,0.0,0.000287135358315,0.0
39980676,0,1,0.000881834215168,0.0,0.000287135358315,0.0
2373737503,0,4,0.00352733686067,0.0,0.000287135358315,0.5
28597897,0,4,0.017146776406,0.0,0.000287135358315,0.333333333333
3041232523,1,0,0.0,0.0,0.000293915689662,0.0
2608152205,0,1,0.00117577895356,0.0,0.000287135358315,0.0
146493072,0,2,0.0138493194049,0.0,0.000287135358315,1.0
43775404,0,1,0.00117577895356,0.0,0.000287135358315,0.0
16015299,0,1,0.000881834215168,0.0,0.000287135358315,0.0
2439800468,18,0,0.0,0.0,0.00620138327925,0.0130718954248
2448008853,0,2,0.00176366843034,0.0,0.000287135358315,1.0
3942669977,1,0,0.0,0.0,0.000730130376992,0.0
2906115739,0,1,0.000881834215168,0.0,0.000287135358315,0.0
2499491487,0,1,0.000881834215168,0.0,0.000287135358315,0.0
631080608,0,1,0.00872926798853,0.0,0.000287135358315,0.0
709537392,0,2,0.0157700279355,0.0,0.000287135358315,0.0
471975586,0,1,0.000881834215168,0.0,0.000287135358315,0.0
1713528091,0,1,0.000881834215168,0.0,0.000287135358315,0.0
1706014376,0,4,0.00392817059484,0.0,0.000287135358315,0.0
2939532969,0,2,0.0158277936056,0.0,0.000287135358315,0.0
4184649389,2,0,0.0,0.0,0.000409181322558,0.0
401063197,0,2,0.0161230882624,0.0,0.000287135358315,0.0
89734835,0,1,0.000881834215168,0.0,0.000287135358315,0.0
1125581838,0,1,0.00117577895356,0.0,0.000287135358315,0.0
256536246,0,1,0.0015873015873,0.0,0.000287135358315,0.0
3262228151,1,0,0.0,0.0,0.000409181322558,0.0
283838136,3,0,0.0,0.0,0.00119386874784,0.0
1299558078,0,1,0.00117577895356,0.0,0.000287135358315,0.0
207830645,1,0,0.0,0.0,0.000335953744012,0.0
125693216,0,2,0.0165555082541,0.0,0.000287135358315,1.0
1265663682,0,1,0.000881834215168,0.0,0.000287135358315,0.0
3065669315,0,1,0.000881834215168,0.0,0.000287135358315,0.0
78994778,0,15,0.0231049002979,0.0,0.000287135358315,0.142857142857
1558886576,0,1,0.0158859840232,0.0,0.000287135358315,0.0
188772039,0,1,0.000881834215168,0.0,0.000287135358315,0.0
255524536,0,1,0.000881834215168,0.0,0.000287135358315,0.0
2436032202,1,0,0.0,0.0,0.0005312272868,0.0
480673399,0,1,0.000881834215168,0.0,0.000287135358315,0.0
4181073615,0,2,0.0150034293553,0.0,0.000287135358315,0.0
3375648465,1,0,0.0,0.0,0.000730130376992,0.0
2475482834,0,1,0.00183715461493,0.0,0.000287135358315,0.0
339025620,0,1,0.000881834215168,0.0,0.000287135358315,0.0
121556693,0,2,0.00176366843034,0.0,0.000287135358315,0.0
2861545174,0,3,0.0027557319224,0.0,0.000287135358315,1.0
130733783,0,4,0.0149515143748,0.0,0.000287135358315,0.0
513461976,0,1,0.000881834215168,0.0,0.000287135358315,0.0
1117451690,0,10,0.0208741030659,0.0,0.000287135358315,0.177777777778
3042123482,0,1,0.000881834215168,0.0,0.000287135358315,0.0
473732047,0,1,0.000881834215168,0.0,0.000287135358315,0.0
540255383,0,1,0.0115226337449,0.0,0.000287135358315,0.0
4535963357,2,1,0.000881834215168,1.7753679078e-05,0.00118982810455,0.333333333333
275261733,0,2,0.0146474157774,0.0,0.000287135358315,1.0
3221288672,0,2,0.00235155790711,0.0,0.000287135358315,0.0
45446881,0,1,0.000881834215168,0.0,0.000287135358315,0.0
198127332,1,0,0.0,0.0,0.000300696021009,0.0
78053093,2,0,0.0,0.0,0.000775319215286,0.0
718306125,0,6,0.0154889417375,0.0,0.000287135358315,0.2
2366461675,0,1,0.0137174211248,0.0,0.000287135358315,0.0
3139323630,0,2,0.0119364299843,0.0,0.000287135358315,1.0
3134783215,27,7,0.00627082108564,0.00210427641722,0.00703048837351,0.0017825311943
2421118248,0,2,0.00198412698413,0.0,0.000287135358315,0.0
39530451,0,1,0.000881834215168,0.0,0.000287135358315,0.0
1625849588,9,1,0.000881834215168,4.66990758253e-06,0.0138481802049,0.0555555555556
2977592212,0,1,0.00117577895356,0.0,0.000287135358315,0.0
3092014719,0,8,0.0207017380292,0.0,0.000287135358315,0.0
56325884,0,2,0.0161230882624,0.0,0.000287135358315,0.0
2227384062,0,1,0.0158859840232,0.0,0.000287135358315,0.0
4386946815,0,1,0.00872926798853,0.0,0.000287135358315,0.0
4015406849,11,2,0.00201562106324,6.61570240858e-06,0.00481631198558,0.254545454545
174307074,0,1,0.000881834215168,0.0,0.000287135358315,0.0
54064899,1,0,0.0,0.0,0.0005312272868,0.0
3063524775,2,0,0.0,0.0,0.000540615437896,0.0
2332952329,0,1,0.0158859840232,0.0,0.000287135358315,0.0
258010450,0,1,0.0119035472571,0.0,0.000287135358315,0.0
224190221,1,0,0.0,0.0,0.000348158340436,0.0
3848144655,0,2,0.00200416867084,0.0,0.000287135358315,1.0
3064966930,6,6,0.0144275350461,0.00225548753057,0.00410227492192,0.0666666666667
4120500022,2,1,0.00141093474427,3.89158965211e-07,0.00188780633819,0.0
1971089172,1,0,0.0,0.0,0.0005312272868,0.0
2339506916,0,4,0.0161834743608,0.0,0.000287135358315,0.5
391112907,0,3,0.0133895369839,0.0,0.000287135358315,0.0
3146833687,0,2,0.0119364299843,0.0,0.000287135358315,1.0
1551267050,1,0,0.0,0.0,0.0005312272868,0.0
1262255898,1,0,0.0,0.0,0.000409181322558,0.0
2539339548,0,6,0.0047619047619,0.0,0.000287135358315,0.0666666666667
3241703198,1,0,0.0,0.0,0.000409181322558,0.0
3048525600,0,2,0.0153817518293,0.0,0.000287135358315,0.0
523779873,0,1,0.000881834215168,0.0,0.000287135358315,0.0
3288899362,0,3,0.0155431210587,0.0,0.000287135358315,0.333333333333
433797010,0,1,0.000881834215168,0.0,0.000287135358315,0.0
4359012135,0,1,0.0115226337449,0.0,0.000287135358315,0.0
396298022,2,0,0.0,0.0,0.000775319215286,0.0
2223513383,15,3,0.0166603678508,0.0028347759765,0.0116583509536,0.152380952381
4557068073,0,1,0.000881834215168,0.0,0.000287135358315,0.0
2802116397,0,1,0.000881834215168,0.0,0.000287135358315,0.0
429276975,0,4,0.0174329392139,0.0,0.000287135358315,0.0
27275057,1,0,0.0,0.0,0.0005312272868,0.0
15243058,0,1,0.000881834215168,0.0,0.000287135358315,0.0
448849715,0,4,0.0196695853038,0.0,0.000287135358315,0.0
2562600758,2,0,0.0,0.0,0.00131599039972,0.0
2985922242,0,4,0.017929409354,0.0,0.000287135358315,0.333333333333
3501750075,0,1,0.000881834215168,0.0,0.000287135358315,0.0
1386338108,0,1,0.00117577895356,0.0,0.000287135358315,0.0
945129277,3,2,0.00201562106324,7.00486137379e-06,0.0035015346982,0.333333333333
2929231678,0,1,0.000881834215168,0.0,0.000287135358315,0.0
6825792,26,0,0.0,0.0,0.00734908772493,0.0
2912872258,0,1,0.0141208746873,0.0,0.000287135358315,0.0
2840725131,0,3,0.0026455026455,0.0,0.000287135358315,0.0
2730579781,1,0,0.0,0.0,0.000730130376992,0.0
3368108001,0,1,0.000881834215168,0.0,0.000287135358315,0.0
1658253128,2,2,0.00201562106324,6.22654344337e-06,0.00347289537871,0.0
1089623881,0,1,0.00396825396825,0.0,0.000287135358315,0.0
2998611795,0,1,0.000881834215168,0.0,0.000287135358315,0.0
266604943,1,0,0.0,0.0,0.000348158340436,0.0
3360233301,0,1,0.000881834215168,0.0,0.000287135358315,0.0
45406038,0,1,0.00117577895356,0.0,0.000287135358315,0.0
2713630009,0,1,0.000881834215168,0.0,0.000287135358315,0.0
69420004,0,1,0.00117577895356,0.0,0.000287135358315,0.0
2549266267,7,1,0.0155496766608,0.000203011260185,0.00298477447062,0.047619047619
81565532,2,0,0.0,0.0,0.000775319215286,0.0
578865466,0,1,0.000881834215168,0.0,0.000287135358315,0.0
2639894366,32,1,0.000881834215168,0.000288755952186,0.00751760094211,0.0189393939394
2426252714,0,3,0.017026429466,0.0,0.000287135358315,0.0
1971743376,0,1,0.0133363816491,0.0,0.000287135358315,0.0
2706132834,1,0,0.0,0.0,0.000409181322558,0.0
466578466,0,1,0.000881834215168,0.0,0.000287135358315,0.0
265469796,0,1,0.000881834215168,0.0,0.000287135358315,0.0
1561487334,0,3,0.0169668941934,0.0,0.000287135358315,0.333333333333
406929255,0,1,0.000881834215168,0.0,0.000287135358315,0.0
46575464,1,0,0.0,0.0,0.000409181322558,0.0
3957534569,0,1,0.0158859840232,0.0,0.000287135358315,0.0
2673071079,0,1,0.000881834215168,0.0,0.000287135358315,0.0
3697928057,0,1,0.000881834215168,0.0,0.000287135358315,0.0
3038849189,0,2,0.0140277448735,0.0,0.000287135358315,0.0
2389112808,0,2,0.0161834743608,0.0,0.000287135358315,0.0
319876978,0,1,0.000881834215168,0.0,0.000287135358315,0.0
3280095091,0,1,0.0158859840232,0.0,0.000287135358315,0.0
98146164,0,2,0.00176366843034,0.0,0.000287135358315,0.0
3956100981,0,1,0.000881834215168,0.0,0.000287135358315,0.0
2748135287,5,0,0.0,0.0,0.000666155880602,0.0
3511944852,0,1,0.0115226337449,0.0,0.000287135358315,0.0
3041392507,2,0,0.0,0.0,0.000540615437896,0.0
4057950077,8,3,0.015156724543,0.00044695277782,0.00363781193257,0.222222222222
3142838142,0,1,0.0158859840232,0.0,0.000287135358315,0.0
4189195120,0,1,0.000881834215168,0.0,0.000287135358315,0.0
31735683,11,1,0.000881834215168,7.78317930421e-06,0.00868142593215,0.0
200732548,0,1,0.0104878341124,0.0,0.000287135358315,0.0
1153598444,0,1,0.00117577895356,0.0,0.000287135358315,0.0
225610847,0,1,0.000881834215168,0.0,0.000287135358315,0.0
2814556046,1,0,0.0,0.0,0.0005312272868,0.0
3063184365,0,1,0.00117577895356,0.0,0.000287135358315,0.0
157380496,0,1,0.00117577895356,0.0,0.000287135358315,0.0
69310872,0,1,0.000881834215168,0.0,0.000287135358315,0.0
189517714,0,1,0.000881834215168,0.0,0.000287135358315,0.0
2943332243,0,1,0.000881834215168,0.0,0.000287135358315,0.0
250671086,0,1,0.000881834215168,0.0,0.000287135358315,0.0
2418931915,0,1,0.000881834215168,0.0,0.000287135358315,0.0
4462299801,0,1,0.000881834215168,0.0,0.000287135358315,0.0
2684311448,0,1,0.000881834215168,0.0,0.000287135358315,0.0
2221324186,0,1,0.000881834215168,0.0,0.000287135358315,0.0
1533642985,0,1,0.000881834215168,0.0,0.000287135358315,0.0
3235790748,0,1,0.000881834215168,0.0,0.000287135358315,0.0
2931910395,0,1,0.000881834215168,0.0,0.000287135358315,0.0
48879518,0,1,0.013805072378,0.0,0.000287135358315,0.0
10162032,0,1,0.000881834215168,0.0,0.000287135358315,0.0
2985232783,0,1,0.0130939019828,0.0,0.000287135358315,0.0
217534371,0,3,0.0148177542622,0.0,0.000287135358315,0.333333333333
406391597,0,2,0.00176366843034,0.0,0.000287135358315,0.0
268556198,0,9,0.0223775930125,0.0,0.000287135358315,0.0277777777778
22168561,1,0,0.0,0.0,0.0005312272868,0.0
3057025907,0,2,0.0119364299843,0.0,0.000287135358315,1.0
2571210985,0,1,0.000881834215168,0.0,0.000287135358315,0.0
3068116978,0,1,0.00117577895356,0.0,0.000287135358315,0.0
310585467,0,1,0.0114615057144,0.0,0.000287135358315,0.0
3102107572,0,1,0.000881834215168,0.0,0.000287135358315,0.0
14799177,0,1,0.000881834215168,0.0,0.000287135358315,0.0
109193145,1,0,0.0,0.0,0.000409181322558,0.0
2421899935,0,1,0.00117577895356,0.0,0.000287135358315,0.0
4384841663,0,1,0.0158859840232,0.0,0.000287135358315,0.0
1119760320,1,1,0.000881834215168,7.78317930421e-07,0.000322005633813,0.0
474929089,3,0,0.0,0.0,0.000897365179528,0.0
21727563,0,4,0.0161534578496,0.0,0.000287135358315,0.0
3052468164,0,5,0.0138053611138,0.0,0.000287135358315,0.1
702027766,0,1,0.0108567529003,0.0,0.000287135358315,0.0
276574150,0,1,0.000881834215168,0.0,0.000287135358315,0.0
3239096953,0,1,0.00200416867084,0.0,0.000287135358315,0.0
3662794696,0,1,0.000881834215168,0.0,0.000287135358315,0.0
3006516556,0,1,0.000881834215168,0.0,0.000287135358315,0.0
2232073207,0,1,0.0114615057144,0.0,0.000287135358315,0.0
2789697029,0,2,0.00176366843034,0.0,0.000287135358315,0.0
6358992,0,1,0.00339167005834,0.0,0.000287135358315,0.0
106587244,0,2,0.0160631511313,0.0,0.000287135358315,1.0
1073725394,19,6,0.0179419346086,0.00349475684273,0.00554530329372,0.038961038961
163899347,0,1,0.00117577895356,0.0,0.000287135358315,0.0
62281687,0,1,0.000881834215168,0.0,0.000287135358315,0.0
4429826008,0,3,0.0026455026455,0.0,0.000287135358315,1.0
3073279144,0,1,0.0015873015873,0.0,0.000287135358315,0.0
574408668,0,2,0.00176366843034,0.0,0.000287135358315,0.0
282091485,0,1,0.00117577895356,0.0,0.000287135358315,0.0
613881824,16,2,0.00201562106324,1.51771996432e-05,0.00513033683415,0.133333333333
3058513889,14,2,0.00176366843034,1.16747689563e-05,0.0134204816714,0.120879120879
2732908514,6,0,0.0,0.0,0.00120248009014,0.0
165300195,0,1,0.000881834215168,0.0,0.000287135358315,0.0
2923962341,0,1,0.000881834215168,0.0,0.000287135358315,0.0
74519682,0,2,0.0101431635078,0.0,0.000287135358315,1.0
2536683129,0,1,0.000881834215168,0.0,0.000287135358315,0.0
28082409,0,2,0.0163056137899,0.0,0.000287135358315,1.0
3080081385,0,1,0.0015873015873,0.0,0.000287135358315,0.0
178059242,2,0,0.0,0.0,0.000775319215286,0.0
532103149,0,1,0.000881834215168,0.0,0.000287135358315,0.0
119611374,0,1,0.000881834215168,0.0,0.000287135358315,0.0
2410129064,0,2,0.0120361773101,0.0,0.000287135358315,0.0
624967666,0,2,0.016283246442,0.0,0.000287135358315,0.0
2889402707,0,5,0.0145487799809,0.0,0.000287135358315,0.5
622854132,8,0,0.0,0.0,0.00129062439764,0.0
2211037174,0,1,0.000881834215168,0.0,0.000287135358315,0.0
235787945,0,2,0.00176366843034,0.0,0.000287135358315,1.0
91865084,0,2,0.0129759389019,0.0,0.000287135358315,0.0
531415039,0,1,0.000881834215168,0.0,0.000287135358315,0.0
